Averil;Abrahamovitz;6836531;12808 Logan Parkway;6675427326;massa volutpat
Guenevere;Westbrook;239764;6048 La Follette Terrace;9139639242;pellentesque at nulla
Austina;Gruszczak;1880580;97607 Merry Lane;5814320220;ridiculus mus etiam
Wyatt;Sidden;4347707;12478 Nevada Park;3450467304;ut ultrices vel
Jaimie;Gorstidge;5507273;874 Parkside Alley;8030421508;augue luctus tincidunt
Carlye;Faulkener;3482474;053 Blue Bill Park Trail;6841122703;id consequat
Kalindi;Outhwaite;8358851;1082 Moulton Place;3895740838;ut blandit non
Ennis;Breitling;5653857;01 Village Road;4037625614;eget
Benedikta;Fassum;3432788;5 Atwood Pass;9976488857;etiam faucibus cursus
May;Linnemann;7526497;1 Magdeline Trail;5163169264;maecenas ut massa
Kippar;Guttridge;4216363;6448 Superior Place;9195223378;pede ac
Mikkel;Southall;4171778;6 Dayton Terrace;6118103655;ante ipsum
Ron;Malling;6583795;5371 Briar Crest Way;4130837519;rutrum
Leone;Bearsmore;4588945;4975 Kipling Lane;5512632136;sapien cum
Shandeigh;Hamson;8592762;5242 Fisk Avenue;7151791646;faucibus
Petra;Doleman;2246272;14204 Esker Plaza;4400084840;nulla justo aliquam
Tierney;Downing;9653831;90 Mendota Pass;4519382500;lobortis
Costanza;Hartley;1558975;15 Buhler Street;9239195802;odio consequat varius
Charleen;Rannie;6666262;879 Knutson Place;3760810840;luctus
Ertha;Nutten;4083211;5643 High Crossing Trail;4068688391;mattis odio donec
Nealson;Sirrell;1414442;9 Upham Alley;8468598764;hac habitasse platea
Iosep;Sawdy;1450066;35382 Glendale Pass;6494203573;sagittis dui
Joan;Sutliff;5061853;9629 Westend Junction;5863567114;magnis
Aluino;Golsworthy;5194281;565 Prentice Junction;1915707858;purus phasellus in
Hartwell;Bontine;8302694;1506 Golf Course Hill;4932461105;ac diam
Viola;Korb;1594808;1 Dixon Center;7828267184;mauris
Keir;Fortnum;4500828;7 Dryden Court;7528570246;sit amet nulla
Natty;Westerman;3195500;28041 Division Circle;2152474147;urna pretium
Win;Cassels;4463936;09748 Oriole Junction;7169870799;integer a
Dame;Keer;9944986;40198 Toban Hill;4102531276;donec semper
Gabby;McIlhatton;6687023;52 Maryland Terrace;4946852099;in
Lettie;Hamsher;8370870;409 Weeping Birch Road;9474620775;erat
Mattie;Kilduff;5408796;35 Carberry Parkway;9431664998;sed augue
Sallyanne;Winterbottom;3305154;3 Dunning Plaza;1767566696;habitasse platea dictumst
Raina;Woolatt;1103373;7905 Weeping Birch Way;9048139741;pellentesque ultrices
Penn;Witheridge;2790634;9 Westend Way;9652458408;nullam varius
Elbertina;Beccera;3256673;9 Sullivan Avenue;1117974620;ac
Leigh;Stegel;1252228;6 Pennsylvania Lane;3498077907;erat id mauris
Meredithe;MacGorley;1814948;9 Logan Circle;3164632170;iaculis congue vivamus
Taddeusz;Blasetti;4156940;80 Lukken Parkway;5131405765;sapien varius
Lotte;Walkden;9684997;9270 Manitowish Crossing;7432388998;montes nascetur
Meris;Cosgry;1372419;30 Blaine Way;5775526424;in
Ilka;Valentetti;5650746;9723 Nobel Terrace;7156356069;nascetur ridiculus mus
Raina;Keam;9556785;11687 Glacier Hill Point;3205610306;aliquet maecenas leo
Siward;Dursley;8049003;2852 Veith Hill;4422950346;erat eros
Duane;Bustard;572058;0 Center Hill;6340644438;commodo vulputate justo
Verla;Buckerfield;2260454;49 Briar Crest Lane;5116782237;rutrum at
Minerva;Brogi;6569584;19176 Reinke Park;6064912266;sagittis nam congue
Alys;Aireton;455373;102 Ludington Hill;6152708255;odio odio
Claudetta;Blakesley;2559724;486 David Terrace;8119952459;eu massa
Roxine;Gerriet;2570178;3853 Maple Wood Alley;9047666165;ut
Roselin;Strowan;6337659;198 Packers Alley;7088111671;cras mi pede
Standford;Golding;7954032;838 Nobel Road;1726945381;ultrices aliquet maecenas
Wade;Rumford;4747593;55733 Independence Alley;7493582440;rutrum
Cherrita;Peckett;908719;77 Lerdahl Park;9379617131;turpis enim
Jessey;Ghest;5781081;55423 Mcguire Hill;1738505292;justo in
Rolando;Endley;1680072;39 Eagan Road;6521977312;posuere cubilia
Saundra;Olivazzi;7495120;02 Straubel Park;8018462817;nec nisi
Leigha;Cunniff;2524327;321 Mallory Drive;6452711415;congue
Meade;Duncanson;3748971;7077 1st Lane;7985806386;vivamus tortor
Marti;Kuller;5602184;2066 Lien Pass;7432249102;mi
Hetti;Burger;9529409;68 Independence Plaza;9433445911;integer
Nicolis;Razoux;8815454;3 Green Circle;8775257893;pellentesque
Gifford;Lewsy;4056952;4244 Little Fleur Point;9393681658;dapibus augue vel
Titos;Manwell;6887464;503 Summit Lane;1363211002;pede
Stacee;Browncey;7244878;9264 Schlimgen Plaza;2214030031;id nulla ultrices
Emmaline;Backler;2443649;78 Weeping Birch Road;7511225547;nulla tempus vivamus
Lennie;Pashan;5463111;2246 Mayfield Parkway;2854689910;morbi
Kathi;Hayne;6268560;4590 International Drive;6630472266;massa
Elane;Dethloff;7794748;46311 Killdeer Park;1716645508;vitae quam
Garrik;Plowes;8205247;078 Karstens Circle;6139692560;dui nec nisi
Kizzee;Gallyon;70229;206 Sachs Road;7283920883;duis
Roderic;Scurrah;6606249;26 Fulton Avenue;2162626954;nisl aenean
Noe;Rickert;3472248;5609 Moose Center;6926089540;justo in
Augustin;Rooksby;8175789;0895 Rigney Parkway;9323297203;vestibulum
Trenton;Groomebridge;6043318;70 Clove Street;3280509971;integer pede
Eadie;Dolden;3540285;99 Hanson Court;5178869745;purus eu
Ronica;Thaim;3369564;62176 Bayside Street;6951299202;in felis
Ferne;Tumelty;2229944;199 Montana Way;5125649185;adipiscing lorem vitae
Hildegarde;Bubb;208816;78 Garrison Alley;4707600226;id mauris vulputate
Alexine;Benting;97636;9 Blaine Trail;7705572388;amet eros suspendisse
Nathanial;Andrich;7052575;28 Farragut Parkway;5813073900;quam a
Farly;Maddra;1255666;2073 Eastwood Junction;7646826354;faucibus accumsan
Joanna;Catchpole;5857853;24158 Holy Cross Trail;2825143613;maecenas tristique est
Cathryn;Conaboy;7590173;2 Barby Avenue;4401656030;vestibulum sed
Janey;Selman;3685524;3 Kropf Center;7198798081;in
Krystal;Genty;6820961;977 Eagan Way;7132308527;felis sed interdum
Timofei;Goricke;7324169;78630 High Crossing Avenue;1268500546;dolor
Rahal;Vosse;8556623;288 Menomonie Center;6974411043;elementum ligula
Kory;Cardis;5210103;7 Laurel Street;6398498545;mattis
Melosa;Ellershaw;2982523;77457 Bluejay Terrace;7375929576;amet
Davidde;Hidderley;5023355;0844 Acker Hill;6465036428;felis
Joela;Chansonne;9215219;1946 Kim Avenue;3077905524;porta
Irwin;Hounsom;5296761;64286 David Plaza;6620570612;amet eros
Rip;Kenan;5488685;6067 Kim Terrace;2466589765;sit amet
Russ;Kenafaque;6049427;9149 Walton Park;9885747083;pulvinar
Jedediah;Kettlestring;6864800;75 Dakota Point;8735106227;a libero
Fawne;Boulde;7855700;0 Maywood Parkway;9665444228;est lacinia
Georges;Stoaks;9886942;4 Northland Junction;9274937473;porta volutpat erat
Vere;Wigley;5743570;41 Sommers Junction;1740966686;faucibus orci
Lanna;Matanin;3140811;426 Reindahl Crossing;9584559108;at
Abelard;Vickerman;6684231;3876 Hooker Pass;1218361778;tincidunt eget tempus
Filbert;Allcock;4124506;4 Texas Lane;7740948512;in porttitor pede
Fanechka;Lapslie;8098598;8 Hovde Point;3178202081;leo odio condimentum
Lyman;Jentet;9158193;04 Westridge Center;7435703879;orci luctus et
Anthea;Grisdale;8114600;9 Del Sol Center;9365651880;eu interdum
Con;Scotts;1289960;707 Sage Avenue;5326747626;duis
Laurent;Korneichik;7749420;7774 Bluestem Street;6774789749;tempus sit
Agretha;Prall;4848137;905 Messerschmidt Point;7193116353;mauris morbi non
Duffy;Langley;4521027;86338 Grover Alley;4951123173;mauris
Francklin;Effnert;6692779;8454 Green Ridge Crossing;5195568141;nulla
Arron;Breslane;7063513;32 Lerdahl Crossing;7648028826;mattis odio
Starlin;Walcher;4372624;1 Scott Place;3036119651;mauris
Lenna;Ivison;2691028;987 Rowland Hill;1483354366;congue
Cybill;Roberti;2091752;4637 Prairieview Junction;7599639617;praesent blandit lacinia
Orrin;Girkin;8746069;59913 Raven Road;6380546486;et
Reamonn;Joscelyne;5684365;66404 Northview Drive;1516098117;pretium
Inger;Careswell;2295374;4523 Kenwood Pass;7493898508;fringilla rhoncus
Daryle;Wallbridge;3860853;054 La Follette Terrace;9223101731;sodales sed
Ravi;Garrud;468310;9 Mandrake Junction;8163062016;dui nec nisi
Skipton;Sturdy;7605949;87004 Merchant Drive;5120159396;est
Orelia;Skellen;7361359;797 Anderson Park;7747138253;at
Ingeberg;McGarrahan;4118928;73634 Commercial Parkway;2271523865;ut odio
Barnett;Bownd;5250282;8 Mosinee Center;9223455130;augue
Meara;Solomon;1071416;03 Fairview Drive;7975831463;integer ac
Leah;Ugoletti;7283177;5103 Arapahoe Drive;1403742498;vitae
Shea;Heaton;246672;342 Troy Pass;1341546108;neque vestibulum eget
Brianna;Clappison;9752833;88 Green Ridge Hill;2431496063;lobortis convallis tortor
Kirsteni;Spira;9914779;64536 Cascade Park;1182183909;lacus
Janette;Gellan;754894;47791 Sloan Trail;5207449178;ante ipsum primis
Fabe;Chadbourn;5793536;3889 Granby Center;1161412109;mollis
Kerstin;Crum;1191149;16506 Montana Drive;5477020963;ipsum
Francis;Bevington;4832673;620 Thackeray Park;8349964218;id
Marita;Bricknell;5711619;9348 Lawn Crossing;4576777611;hac habitasse platea
Mia;Buttriss;9054566;28565 Becker Crossing;1568340437;amet consectetuer adipiscing
Engracia;Scotson;9089226;1170 Sloan Street;7886184218;lacus at
Midge;Adlard;1782492;61 Evergreen Center;6742141666;pede lobortis
Leila;Akaster;815570;107 Westridge Road;3541724712;maecenas rhoncus aliquam
Chadd;Geraldez;9572925;8004 Grover Crossing;2358494669;sem
Tasha;Sherrington;1177031;95180 Ramsey Point;6157945873;habitasse
Sayre;O'Henecan;938369;1 Melby Road;4737899307;est donec
Lisa;Southouse;8023711;7357 Hudson Alley;8143261548;sapien cursus vestibulum
Giselle;Sieve;9291256;21 Talmadge Trail;9748253303;vulputate
Benetta;Hynson;649395;94140 Quincy Terrace;3051691327;purus
Pierette;Marjanski;4582231;2888 Graedel Parkway;3663840562;est donec
Quinn;Chamberlaine;5865364;8 Raven Drive;1560808051;felis sed
Justen;Purrington;9791248;4374 Bluejay Crossing;8894713049;id luctus nec
Shermy;Barr;4915993;160 Luster Court;2054530786;in
Anallese;Danielski;4266089;5 Nobel Place;3113221350;at nunc commodo
Travis;Barraclough;2731241;22655 Erie Trail;2057498538;suspendisse ornare
Yvonne;Phette;9333339;966 Norway Maple Lane;6345034519;morbi vel lectus
Jameson;Dudhill;9930873;1693 Forest Dale Plaza;3720721410;luctus et
Thedric;Stean;6367128;77 Oriole Avenue;2129474293;auctor gravida
Blondelle;Tuckett;2894834;119 Lerdahl Lane;5933200723;nulla suspendisse potenti
Irving;Merkel;4430710;23 Commercial Crossing;1158524685;libero
Cecilius;Dionsetto;1565465;05502 Nova Trail;1322745427;pede malesuada in
Derrick;Capini;3540423;548 Prairie Rose Parkway;7064665553;elementum
Nowell;Wrenn;4765574;42247 Sutteridge Drive;1875690894;integer ac neque
Angeline;Nitto;3441585;8728 Waubesa Lane;7814531120;pellentesque
Hillie;Wieprecht;8305157;2827 Elgar Terrace;8591173756;tincidunt
Rorke;Brandino;7670192;0174 Manley Alley;1129432361;habitasse
Carissa;Marchington;149065;05 Birchwood Hill;2534992541;varius integer
Oralla;Appleton;2833322;3091 Killdeer Way;2558517036;felis sed interdum
Morganne;Wynn;4788570;147 Toban Street;4628981135;tortor quis
Husain;Dahlbom;9420107;4 Carey Court;1568367291;semper est
Sile;Krimmer;1061370;753 Mccormick Pass;1832227077;habitasse
Miguelita;Canfer;1158065;489 Sloan Hill;4250730601;nibh
Gillian;Granger;539306;0284 Truax Lane;2770238244;justo morbi
Henrie;Griswaite;7739722;51 Northridge Parkway;4152488278;erat eros
Danit;Canon;7572261;8 Veith Terrace;1711004857;nibh in
Theodora;Realff;3063803;2 Quincy Junction;8836960343;fermentum
Katrinka;O'Collopy;5080546;3318 Fairview Trail;2585775140;nam nulla integer
Seline;Van Baaren;1720948;8648 Nancy Hill;8901668803;justo maecenas
Stern;Lockart;4522568;0 Kensington Hill;4071309704;sed lacus morbi
Elke;Petrulis;1246829;8 Chinook Terrace;5912133229;duis aliquam convallis
Enrica;Grigorini;7650246;528 Crownhardt Court;3381442055;erat nulla tempus
Amandi;Minget;3187337;163 Nova Pass;6157430924;tristique
Fanechka;Rugiero;4582918;5234 East Place;7633239894;in
Inna;Peschmann;6974876;8 Bunker Hill Place;1462245939;ac enim in
Chery;Westfield;2478213;17 Porter Circle;6501074623;tincidunt in
Cammy;Marlen;7425141;7199 Ridge Oak Junction;9438378445;nulla
Linnet;Brownsall;7448022;59 Granby Avenue;1084019958;elit ac
Roxie;Le Sarr;1443062;571 Waubesa Park;7460802807;sapien cursus vestibulum
Odetta;Portman;3747598;8 Lakewood Circle;6100546490;amet diam
Alaric;Duffus;7804400;142 Grim Junction;8237492446;quam nec dui
Vin;Whitwell;9203691;8903 Little Fleur Center;7941277638;nullam sit
Sophi;Bineham;3470018;26 Briar Crest Plaza;5380201992;diam erat
Sidonia;Bras;8612289;70 Del Mar Park;9581976744;volutpat in
Iggy;Lamboll;3070835;1 Gina Lane;1445669525;luctus cum sociis
Sam;Lyenyng;3521383;9274 Fuller Road;9952832196;suscipit
Chaddy;Ashton;9645618;73 Veith Way;5135421772;vel
Gustaf;Knapper;8222891;36402 Hazelcrest Street;5230732294;nisi at nibh
Clarine;Climie;500893;785 Kennedy Pass;5400778492;sem duis
Wilmer;McOnie;6675504;6969 Evergreen Trail;6397653294;praesent lectus
Richart;Burlingame;8437114;2 Badeau Circle;4163459135;vitae mattis
Rudolph;Brownfield;9882650;989 Butterfield Center;5190352973;pulvinar sed nisl
Dorolice;Zecchini;9267546;8634 Jay Plaza;6683436092;eu massa
Lisetta;Bickell;1454754;54317 Dottie Way;4989757351;eu felis fusce
Wilburt;Lent;6841162;7 Crest Line Pass;8813242377;ac consequat
Gilberte;Kettlesing;1076924;0 Morningstar Road;5217341470;ornare consequat
Daisie;Kennifeck;4951960;28 Harbort Avenue;7878685290;dui vel sem
Clareta;Harsum;9905662;2312 Bowman Trail;7238826273;at dolor quis
Francisca;Dowsey;1874979;0 Jana Crossing;3983876202;eget vulputate ut
Swen;Vynall;5869842;71749 Almo Road;2210189191;porta volutpat
Ardeen;Seddon;1772707;381 Mallory Circle;8360511850;eget
Carey;Fish;9495961;3 Grim Park;7904696827;nam congue risus
Jermaine;Wardrop;5442299;6 Melby Court;8730317206;et ultrices posuere
Linn;Breslau;4835077;26 Magdeline Crossing;2221240646;in hac habitasse
Aimee;Flewitt;160496;42942 Union Circle;2789317476;venenatis turpis
Cristiano;Matusson;2876891;49 Tomscot Alley;1287832332;dapibus dolor
Tiena;Ripper;8057883;6617 Ruskin Trail;6855871398;diam erat
Yvon;Grosier;8803667;5185 Prairieview Place;1162663293;lacus curabitur
Elissa;Lathee;5489842;4878 Algoma Park;3039004373;sapien non
Gibbie;Chidwick;6573340;7086 Jay Lane;5948998325;ante vel
Ruthanne;Tuckie;5299153;739 Waxwing Point;6141088456;ut
Gayelord;Benedicto;9934223;163 Village Green Hill;3559827116;vel
Ariel;Best;7223760;634 Red Cloud Road;5232332004;aliquam erat volutpat
Lydie;Olland;2669925;8 Upham Junction;8912296342;est risus
Nancey;Elrick;6365639;3 Monterey Crossing;8485154094;pellentesque ultrices phasellus
Juliann;Postlethwaite;9283279;899 Lindbergh Hill;2469649720;iaculis justo in
Dionne;Creed;4010342;7 Crowley Trail;4796137287;integer
Brent;Rosenblum;7094157;7731 Farragut Road;4355579941;egestas metus
Rory;Klich;3713204;87126 4th Trail;4484080951;accumsan odio
Lorenza;MacGruer;9943177;9804 Ridgeway Trail;7511937119;elementum
Ross;Harrell;4202568;7 Hansons Point;9178083662;cubilia curae
Alida;Dregan;5474924;890 Ridgeway Hill;3035573140;diam vitae
Cammi;Thwaites;2208944;445 Sherman Circle;6703110548;placerat ante
Torre;Leivesley;3727421;470 Burning Wood Circle;9287398549;quis lectus suspendisse
Elmer;Clampett;3893574;44992 Pine View Court;7604941808;vitae
Elene;Kernan;3779466;63829 Center Alley;4952346544;elit
Pam;Mowlam;3659299;434 Basil Drive;5753274813;sed augue
Alwyn;Chisholme;6177784;12 Oakridge Point;9387808012;sit
Aveline;Stickley;6330741;8 Buena Vista Trail;2065347644;nulla mollis molestie
Hewitt;MacGilpatrick;6409367;1 Debra Court;2545411133;aliquet ultrices erat
Lise;Capron;6536879;9669 Northland Center;3732671931;in faucibus
Lonnie;Piggin;169927;4818 Lukken Terrace;7735933595;mauris ullamcorper purus
Lil;Calabry;8351563;7 Sunfield Drive;6769741503;est lacinia
Olivie;Stive;1620565;5 Schmedeman Lane;4020679143;nisi nam
Gilligan;Dowthwaite;7356713;68825 Loftsgordon Place;5239036794;tincidunt lacus
Cyndia;Gounard;3332079;81 Loomis Pass;6822057756;vitae ipsum
Garwin;Spykins;9672235;478 Merrick Hill;2351914153;habitasse platea
Luz;Raithby;3627213;7 Old Gate Hill;1027402963;convallis nunc
Andra;Aujean;7784319;594 Montana Circle;4365525731;enim
Ferdinanda;Bulfoy;1676521;26985 Forest Dale Terrace;5310208505;erat curabitur
Corly;Maddinon;2212838;934 Trailsway Terrace;4887028564;donec ut
Jerrome;Schimon;3705434;44 Butternut Road;3135420299;luctus
Rosa;Birchall;6669452;04192 Killdeer Crossing;9958822374;varius
Xenia;McCaig;5632103;69 Blue Bill Park Crossing;7779306664;vehicula
Vanni;Holtham;2676866;324 Melody Alley;6831944291;tortor
Nicol;Jiroutka;8937671;9876 Carey Drive;9804144673;in tempus sit
Sheree;Giacopello;471950;83398 Daystar Place;7009319033;vitae nisl aenean
Francois;Doxey;936822;23 Miller Court;7027064379;elementum
Mirna;Ledford;2558589;44552 Grover Parkway;8010828340;in tempus
Waylin;Papaccio;3346544;585 Eggendart Parkway;7828086483;faucibus
Man;Bridell;4166948;2261 Londonderry Avenue;3812105627;rutrum
Baryram;Jedraszek;6978334;0490 Cottonwood Crossing;4837547922;ut massa quis
Iain;Guidera;4233549;04 Fisk Point;1877270615;faucibus orci
Rosa;Denerley;9314449;6490 Fisk Point;1975693468;donec pharetra
Fredelia;Gasticke;7798790;41172 Straubel Crossing;7768518392;nam
Amabelle;Woodyatt;4597577;42 Havey Crossing;7974702577;ridiculus
Mohandis;Studdeard;6774523;0 Saint Paul Alley;6960126951;placerat ante
Josefa;Pitney;5891321;9 Golf Point;4799941883;magna at
Marline;Iowarch;6969476;9828 Sheridan Street;3995022823;posuere cubilia
Avrit;Jamieson;51320;39 Del Sol Point;5564258852;eleifend
Danielle;Tesyro;1737734;10877 Linden Park;6835609080;gravida sem praesent
Timothy;Demead;6803249;67 Anzinger Center;6596129072;mauris
Emmy;Malster;5743984;473 Marcy Street;2750399183;bibendum felis
Babara;Whitewood;9450693;3548 Helena Alley;4785827393;dolor
Merline;Laterza;8365614;973 Reindahl Point;3068412074;posuere
Pauli;Wreiford;8004570;929 Birchwood Avenue;9854378808;et
Guillema;Murdie;1645117;00 Oak Valley Park;2222634138;vitae nisl aenean
Frants;Mattocks;9818966;58 Onsgard Terrace;7778120584;aliquam augue quam
Chantalle;Cushelly;5641885;29655 Mayfield Parkway;7938090498;justo in
Edwin;Rastrick;8907031;5063 Carpenter Junction;3586284703;nulla facilisi
Vincenty;Adnam;6762163;0 Harper Alley;6717652418;iaculis justo in
Obadiah;Hinken;6644645;9422 Lillian Place;6679093739;orci luctus
Nat;Fawdrey;9317238;52513 Corben Hill;3780890492;gravida sem
Isidora;Meineck;5548888;17037 Carberry Parkway;4600014748;porttitor id consequat
Burl;Ruffell;8911942;1 Crest Line Way;8126979464;vulputate vitae
Ike;Gemlett;5531775;1 Ryan Plaza;5872886300;consectetuer
Brennan;Elcy;2758799;4879 Schlimgen Junction;8063053800;et commodo
Darryl;Brenston;8906537;7 Moulton Court;4688619204;cursus
Tiffie;Shearston;5574278;0 Towne Crossing;1415575598;at dolor quis
Haskell;Kenington;3107635;72014 Butternut Hill;5674697077;sociis natoque
Grantley;Deans;7272375;8461 Bay Circle;6835181858;lobortis sapien
John;Kimbell;107648;052 Hoepker Way;8401225031;maecenas leo
Vita;Rayer;7213652;5921 Mendota Trail;3296300034;suscipit a
Phoebe;Moseley;3544230;48030 Buhler Alley;9640960180;dictumst
Emory;Meharg;760906;15305 Sage Hill;4950590815;cras non velit
Keri;Blondell;906320;075 Anthes Terrace;1080326616;ut nulla sed
Beulah;Churchard;6703041;32 Thierer Park;3633832858;consequat in consequat
Maddi;Giddy;7443670;280 Summerview Junction;7919686217;donec posuere metus
Arny;Scheffel;5101573;549 Sutteridge Terrace;7221153741;erat quisque erat
Paule;Pettigree;3697668;941 Sloan Avenue;5140570543;in hac
Gussi;Zelland;3004182;303 Browning Point;8887377679;congue elementum
Antonio;Askey;5398672;990 Hovde Pass;3341274966;in congue etiam
Piggy;Kepling;4844659;6 Northport Drive;9551640025;pellentesque
Wilt;Trusslove;8618360;118 Lunder Parkway;7086458337;morbi odio odio
Carina;Rotter;5858894;442 Reinke Court;6123438772;sed justo
Derk;Turbitt;3321868;30514 Farragut Terrace;7184206759;parturient
Lynnelle;Ivshin;5228861;4578 Starling Court;4080750887;in imperdiet
Gretchen;Ragless;9266432;71 Arizona Avenue;6437628350;ultrices posuere cubilia
Quentin;O'Mannion;7417489;40752 Monica Center;8995615415;quisque ut
Cara;Rudinger;2966036;30 Oxford Junction;9151210268;donec ut dolor
Gwen;Banaszewski;5072704;51 Rowland Court;6958252478;justo aliquam
Donica;Spiers;3466144;8238 Golf Street;4315968083;nunc
Aliza;Rubinovici;6561171;2119 American Court;7975265710;egestas metus
Worth;Lowsely;3250224;465 Nelson Drive;8320859491;id sapien in
Bobbie;Shave;6366418;724 Hanson Trail;5968151050;leo maecenas
Gigi;Alliston;8800977;66 Maywood Plaza;7227950628;dignissim vestibulum vestibulum
Nixie;Ivanchin;8405094;30 Homewood Court;8881939772;parturient
Ardelle;Wogdon;890620;27 Morrow Center;3277102896;sed
Nanon;Angrove;1282009;26210 Erie Road;9117104894;neque sapien
Ammamaria;Wardrope;2489707;4469 Hoffman Terrace;6315153261;sed vel enim
Ediva;Basset;4145279;1695 Bartillon Parkway;9680205025;tortor risus
Noellyn;Segar;4316897;1729 Eagan Alley;8874616197;porttitor
Kaitlin;Macklam;9805748;126 Monument Avenue;7121142894;in tempus
Lana;Foad;3185586;06922 Superior Junction;6053034906;ipsum primis in
Opalina;Foale;3468131;50115 Debs Avenue;9080636315;ultrices posuere cubilia
Leticia;Bengoechea;7315646;8923 Lindbergh Hill;9414175625;interdum eu tincidunt
Karmen;Capelle;8305373;7952 Northwestern Park;2667466211;dapibus at diam
Tobit;Klimushev;6242880;34495 Meadow Valley Point;6491819357;ut
Eustacia;Nossent;3156645;3 Prairieview Parkway;7698447511;tristique fusce
Ronda;Ugolini;8171090;029 Basil Circle;4155518014;ut massa quis
Ruggiero;Castane;5589213;0 Claremont Center;9582402371;integer ac
Wiley;Ritmeyer;4933694;8 New Castle Junction;7827624627;vel
Kerk;Cressy;9679614;835 Bartelt Drive;8957190573;pulvinar sed
Darrick;Bamber;1027680;1931 Riverside Avenue;4326064604;hac habitasse platea
Wendi;Cosins;4610815;5 Pleasure Road;9120757026;dolor sit
Keith;Veschi;2371877;808 Bonner Park;4845427488;mattis egestas metus
Hale;Pellatt;1621444;4230 Del Sol Parkway;8546065160;cras in purus
Dulcie;Camber;9884770;0012 Forest Parkway;2755594463;congue eget
Nicol;Sanchis;9283642;96632 Moland Way;9136881510;curabitur
Batholomew;Loosmore;3401124;64 Tennessee Lane;5890804059;nulla quisque
Steffane;Kment;3043527;76 Sutherland Terrace;4584566213;at
Anna-diana;Bucke;1765382;75 Maryland Way;6246862628;justo in hac
Chaunce;Forkan;4870233;8 Elka Drive;9044591609;duis aliquam convallis
Virginie;Powelee;9783711;9593 John Wall Crossing;4523098505;amet eros
Nerissa;Mattacks;6763012;488 Fremont Parkway;1429567851;a
Nealy;Colson;7738192;36 Bowman Crossing;9836552407;nulla dapibus
Em;Persse;6752719;363 Pennsylvania Road;4912061738;penatibus et
Timmy;O'Luby;6508655;883 Forest Run Crossing;8445978605;nulla sed accumsan
Roarke;Marishenko;2540459;0 Rigney Lane;8624561316;nisi eu
Max;Josskoviz;2117918;9804 Little Fleur Hill;6206664595;mi in
Wileen;Ginnety;1512631;32966 Stephen Point;3227856116;lorem
Zoe;Birts;8959256;54597 Pawling Trail;5344116610;curabitur at
Theodora;Allflatt;6174716;90 Ilene Center;8649921707;diam nam
Di;Fruin;6048240;298 5th Avenue;2937179149;venenatis turpis
Myrle;Chew;4053045;8282 Schiller Court;1842793302;ut dolor morbi
Berny;Shipston;9507959;7239 Mendota Avenue;7260170285;nibh quisque
Gery;Gresty;3463980;2211 Sauthoff Street;9707618831;mi
Arel;Morse;1184707;09390 Hovde Trail;7509084648;lacinia nisi
Hi;Acaster;3322935;4 Anderson Road;4926789389;ipsum primis in
Lion;Aleksankin;3199001;7068 Pearson Drive;6408246115;ultrices vel augue
Darryl;Waring;2833053;5 Shasta Alley;7134437206;primis in faucibus
Suzette;Geary;3045182;3 Trailsway Terrace;4570421594;rhoncus
Lukas;Byrkmyr;5300998;74 Pearson Court;4541470103;non
Flori;Beggio;1649914;29117 Mayer Parkway;7918639527;habitasse
Josefa;Ezzy;4677733;3 Jackson Point;2141543375;turpis elementum
Brantley;Piechnik;6939876;0 Sage Trail;1513175224;quisque
Aksel;Stacey;5601707;7 Browning Center;8111664109;odio elementum
Leroy;Tricker;3055111;88345 Fordem Way;3199817393;volutpat convallis morbi
Elle;Gillyatt;9505714;42886 Pankratz Center;1158840133;vulputate
Lonna;Rawson;8173114;685 Jenna Court;5334771026;luctus et
Richardo;Maleck;8042839;641 Evergreen Drive;8895453904;vitae mattis
Chiquia;McCumesky;1877920;7822 Birchwood Terrace;3781271913;orci luctus
Devlin;Sitch;8113124;22141 Sommers Road;9533198374;in
Lucia;Pinfold;3215064;2 Packers Alley;6787129093;maecenas
Rhona;Didsbury;9938333;04739 Bartillon Plaza;7390310496;volutpat
Lynne;Camolli;3948767;2 Jenna Circle;9187145648;in
Marjory;Skipsey;1510305;02 Red Cloud Drive;1050303065;a libero nam
Hew;Harverson;9869329;7 Fulton Court;5293356634;massa quis
Bentlee;Paten;9231414;15110 Jenna Circle;1784645869;volutpat
Ramon;Akett;7856151;3453 Northport Lane;1019077265;vel lectus
Stefano;Cordey;9909131;55329 Brickson Park Road;9987579829;luctus
Phil;Balloch;3827479;998 Sachtjen Trail;6616486258;augue vel accumsan
Clint;Circuitt;7120438;008 Golf Course Avenue;7842254399;et ultrices posuere
Dionis;Wall;7898822;52 Colorado Street;3915328686;luctus cum
Cody;Moncreiff;5567847;33 3rd Circle;8917005543;sem sed
Angie;Spaight;2531367;456 Bayside Park;4691135910;justo sollicitudin
Salomone;Pedel;1010811;65 Lake View Plaza;7785837239;tellus semper
Sallyanne;Hopkynson;2290765;45390 Helena Drive;7688173185;ut
Alidia;Giannasi;346720;1508 Basil Pass;9422716213;dolor vel
Corene;Winny;2150172;0 Ridgeway Circle;9994642082;diam nam tristique
Giles;Harcombe;2229575;147 Pawling Trail;8534501971;sed magna
Tamarah;Kynaston;4811043;23745 Pankratz Avenue;4148366540;sollicitudin ut suscipit
Tris;Swindley;9158388;762 Colorado Junction;3019572165;sapien cursus vestibulum
Heloise;Oulet;6128903;56216 Montana Pass;1173928933;dolor morbi
Clement;Schnitter;1821661;2 Prairie Rose Hill;9404927204;id massa
Louise;Stilgoe;1965191;0553 Harper Alley;5979336622;quisque
Wildon;Hylands;921970;11973 Golf Circle;3529415219;ultrices
Justin;Cannaway;8710961;3 Shasta Place;4140007480;at
Jo;Gebbie;4500481;452 Vahlen Lane;6009431446;proin eu
Bethany;Jakubovski;4964096;5382 Mayer Road;2058706339;volutpat
Janot;Di Franceshci;3429311;56 Cambridge Place;8300396881;dui
Dollie;Yonnie;4942840;240 West Hill;3777385829;integer aliquet massa
Odella;Dewey;2084005;684 Express Lane;1065043163;dictumst maecenas ut
Boyce;Dawltrey;545404;37888 Lakewood Gardens Point;5482611474;placerat ante
Randi;Karys;6690816;0858 John Wall Alley;4799566746;condimentum neque
Grove;Ratcliff;1884740;44547 Ohio Point;3748665890;curae duis faucibus
Georgette;Hexam;7684918;528 Monument Road;8243449656;nisi at
Conrade;Gwalter;6452978;636 Almo Circle;2255475517;quam
Sollie;Gawkes;2092351;7575 Dakota Road;1857130517;duis
Rossy;Saleway;6022889;8 Maywood Circle;7734051234;dolor vel est
Donny;Worham;9728114;704 Cardinal Court;3967247244;sem praesent
Nari;Andrzej;6602180;790 Harbort Point;6546428309;dapibus
Merla;Woolforde;9956356;4 Mccormick Terrace;9823181661;ut
Mickey;Christophe;8042275;8957 Comanche Way;9510996679;natoque
Sheridan;Turbefield;1166581;9148 5th Hill;5039191542;hac habitasse
Ciro;Cooksey;90916;33532 Melrose Circle;3337446938;vulputate
Oswald;Sharkey;2665242;59554 Helena Point;3803593505;eu est congue
Fraser;Rosentholer;359106;30 Debra Circle;7817710600;eget nunc donec
Coraline;Halls;8278336;0126 Vera Point;3626824070;sed
Ruthanne;Perle;2485010;3 Old Shore Alley;4377217929;ut massa quis
Loretta;Pantin;99470;306 Paget Terrace;5785517432;augue vestibulum ante
Brendan;Hyams;7857405;08040 Schlimgen Crossing;5930776473;et
Odie;Killingworth;8670208;9971 Bowman Drive;6330047187;sit amet eros
Carmelita;Keyho;1110266;94209 American Ash Junction;9242589161;sit amet
Katie;Mapplethorpe;1833262;35911 Lotheville Point;7048373785;ipsum integer a
Ailina;Feavearyear;3285751;00 Barby Place;6204338455;tempus vel pede
Laney;Brommage;7109246;380 Larry Lane;8447651590;non
Emeline;Sparrowhawk;6856018;69 Green Ridge Way;8033276312;hac habitasse platea
Fayth;Gillion;4956695;8 Evergreen Park;6652682856;id justo
Farlee;Barnaby;3307131;08576 Dorton Road;6007225571;tellus
Mahala;Slograve;4489296;966 Boyd Pass;3216915130;lorem ipsum dolor
Ephrem;Sams;3792127;78496 Sherman Junction;6708528342;semper sapien a
Aguie;Suddick;2997419;8191 Hansons Plaza;3877702288;vestibulum ac est
Claudio;Syncke;8730646;45 Jackson Lane;2732473383;sapien urna
Francklin;Domanek;1301952;73 Meadow Vale Trail;7348064323;libero nam
Patty;Dametti;1319251;3 Red Cloud Center;2222433761;posuere
Averell;Galletley;25803;8 Loeprich Pass;9775798135;habitasse
Imojean;Greenhall;5412319;4 Browning Trail;1764089420;gravida
Tonya;Laborde;3796854;2338 Manley Junction;2215670208;massa donec dapibus
Markus;Maggorini;604267;1963 Rieder Street;5826308447;orci luctus
Marco;Spelsbury;4955721;4355 Service Circle;5363099619;vestibulum
Cart;Valentin;6073937;7 Rutledge Street;9588518524;ac leo pellentesque
Aloysius;Scruby;9642073;0 Hintze Way;5842336287;nibh
Gwendolin;Anselm;7932069;812 Hoard Avenue;8954690758;donec dapibus duis
Briana;Denisyev;5930752;751 Knutson Crossing;3258030004;pellentesque
Sybyl;Gye;8589969;93877 Pawling Drive;5065306666;nulla ultrices
Gary;Hrachovec;2330433;555 West Place;9065509554;pellentesque
Oralie;Faireclough;1300286;35976 Ludington Park;1173566554;sollicitudin mi sit
Aubree;Chanders;3065739;2250 Maywood Drive;4065899267;in magna
Karil;Petriello;271142;9 Erie Center;6975113138;augue
Sidney;Flewett;8842023;3 Dryden Plaza;6723923431;amet nulla quisque
Roz;Nibley;6349541;894 Monterey Way;2851642564;dis parturient montes
Danita;Matteucci;2931056;0 Hooker Road;5719841613;nibh
Karin;McLucky;1555768;52 East Way;2630359010;massa id lobortis
Edouard;Stanyer;3406225;324 Debra Circle;5848503913;aenean lectus pellentesque
Fabiano;Costley;2269566;57 Stang Trail;4210499675;in
Norrie;Gothup;7058004;9 Dawn Court;5710890902;amet sem fusce
Tony;Vickarman;5629940;43 Sundown Center;1641210911;ac
Temple;Sparry;1013592;0 Holmberg Trail;2190968087;consequat in
Bonnee;Wharrier;1606294;18 Onsgard Parkway;6056468447;ipsum primis
Noah;McGirr;3767237;48062 Carberry Park;6549644317;elementum in
Heddie;Muldrew;5475333;40 Grover Court;9908296379;elementum pellentesque
Veronique;Galbraith;1229592;00245 Shasta Parkway;8485466085;convallis
Shannah;Elegood;1177606;14 Harbort Place;5045147342;in hac
Amos;Mahoney;8701463;0 Lake View Trail;7479545056;id turpis integer
Jody;Circuit;7149143;714 Esker Street;9076521518;orci nullam
Elicia;Joye;7023447;63 Butternut Circle;6122196936;nulla
Yelena;Beran;5644232;09843 Sutteridge Avenue;8522951176;ac
Shay;Leate;3720562;32305 Boyd Road;4169704094;nulla
Sargent;Siflet;8038692;7315 Blue Bill Park Court;2829013349;nisi eu
Camille;Marcus;5031304;2052 Cottonwood Crossing;3790669274;dictumst morbi vestibulum
Paddy;Avramovich;1859441;351 Derek Pass;3236065327;tempus
Isis;Budcock;1055575;60 Valley Edge Alley;1045822842;quam turpis adipiscing
Linc;Jiroutka;2728716;9285 Corben Lane;2017202741;vulputate
Glynda;Witard;586356;454 Sherman Park;4738230782;velit nec nisi
Richard;Guilliland;7641179;388 Colorado Alley;7178592854;eget
Kellsie;Murrish;3603396;5682 Golf View Place;4253950249;odio justo sollicitudin
Korella;Colombier;7053885;59 Tennessee Avenue;5395122719;quis tortor id
Selene;Currer;527327;3548 Morrow Plaza;9208545439;pede
Caron;Leming;2929438;620 Rigney Park;5723336769;morbi non
Tamarah;Stichall;7450549;5 Ilene Point;2241563407;vestibulum ante ipsum
Josephine;Palser;5197985;75 Nevada Avenue;5289442177;congue etiam justo
Clemmie;Robertet;3277984;537 Heath Plaza;1840212254;lacus
Ingrim;Excell;6990920;6 Graedel Point;1016455284;sed justo pellentesque
Adena;De Bruijne;8334498;71 Hoffman Center;6396606395;montes nascetur
Pamelina;Treacy;7291590;7530 Warbler Junction;8136401085;arcu
Rhody;Patters;5424298;174 Morrow Trail;3456219485;id nisl venenatis
Antons;Spiers;6362620;5660 Park Meadow Road;4785596970;sodales sed
Ezri;Vawton;2241424;4364 Moland Road;7661280038;natoque
Tasia;Piburn;8198366;5 Bunker Hill Parkway;6940368717;felis
Robbin;Cavalier;447672;7705 Mallory Street;1244956250;odio porttitor
Benita;Dellenty;5280161;3025 Kedzie Alley;5529260494;duis ac
Theodoric;Stilgoe;9370869;556 Fairview Court;7102574179;nunc commodo placerat
Prudence;Derby;1339879;93 Sutteridge Avenue;6437561493;metus vitae ipsum
Sibella;Brand;6913445;96548 Sunfield Point;5317769572;cubilia curae donec
Locke;Swannack;2423417;83 Fieldstone Court;8466600269;lacinia
James;Miall;5904136;9 Village Trail;6375523613;vehicula consequat morbi
Jakie;Escalera;7522342;53 Sugar Plaza;1161165381;justo lacinia eget
Kennan;Sellack;6935824;6 Prentice Street;9992254768;donec
Inesita;Bugs;1137273;89307 Oak Valley Point;7547937052;tincidunt
Leann;McAlester;487340;04 Spohn Plaza;1932383409;pede
Vanna;Bootland;973755;120 Gateway Way;6069669197;pretium
Daveta;Greger;8274424;5 Linden Alley;8931430680;volutpat quam
Mohammed;Portch;5227414;69346 Forest Dale Park;6010515127;ligula
Erasmus;Zannini;9370925;7 David Terrace;2950462580;posuere felis
Theo;Sybbe;8509418;12 Rockefeller Court;3857505121;tincidunt ante
Earle;Souten;6825837;439 5th Center;1470505862;mauris vulputate
Daven;Hartigan;523931;6689 Dunning Junction;1144769286;nulla
Brandea;Girardy;7279139;28 Kinsman Park;9330096917;turpis elementum ligula
Ulla;Twigger;7846398;80 Moulton Center;1056448094;augue
Mikaela;Maplestone;1648049;1048 Barnett Court;4625909142;dapibus augue vel
Sheba;Jeromson;8165402;14 Hagan Parkway;3245872697;erat id
Harrie;Taggart;7263062;7400 Erie Pass;2342344659;elementum
Ford;Challes;7825016;164 Ilene Trail;6723167771;in hac
Verna;Roarty;3958280;67444 Hallows Trail;6979932072;sapien
Hobard;Hutley;9092709;99996 Tomscot Pass;4069946484;eleifend donec
Betta;Baguley;3772881;4961 Fulton Way;7113231162;vitae ipsum aliquam
Fairleigh;Rockwell;5647108;8864 Dapin Terrace;9235631808;nulla
Chane;Aiskovitch;2349651;77 Clove Alley;1596537349;et magnis
Peter;Tulleth;5984512;470 Katie Street;2260272703;suspendisse potenti
Aviva;Waleran;5955828;70232 Lyons Avenue;6292337496;vestibulum aliquet ultrices
Greta;Lethlay;580599;3 Arapahoe Lane;2497765225;et ultrices posuere
Avrom;Murr;2899186;81 Meadow Ridge Point;6063526949;vestibulum velit
Gibby;Boundy;6007354;8 Hoffman Center;1061375221;a
Sophi;Blanckley;1624673;76 Moose Hill;4843460386;nec nisi volutpat
Beatriz;Lomis;5467998;34 Reindahl Terrace;3995903135;velit
Fanchon;Benmore;6452170;649 Grayhawk Circle;3889602226;eleifend donec
Inger;Bondesen;7650440;1315 Gina Terrace;3735581841;sollicitudin mi sit
Leela;Beirne;9639892;9602 Portage Road;3265360488;convallis
Aaren;Sabathier;496373;0 Texas Road;6490581398;orci mauris
Row;Nan Carrow;647522;93777 Fieldstone Place;7464707533;dictumst etiam faucibus
Valdemar;Wessell;1142683;198 8th Point;5595168439;vel
Beverly;Sydall;9694384;6 Johnson Park;5864864560;lectus in quam
Hartley;Benedyktowicz;9963686;1 Pleasure Alley;4485332140;aliquet
Hilary;Doumerque;2369850;8 Hagan Plaza;8405398365;morbi ut odio
Heinrick;Vial;6277469;5 Emmet Circle;6193719924;morbi non
Danni;Schwanden;8814983;1 Oneill Junction;1672980772;in magna
Marguerite;Bodicum;8233645;10848 Mitchell Plaza;5239039590;vivamus in
Jeff;Matts;5161863;6778 Oak Valley Junction;7174627732;mus etiam
Brandy;Gockeler;4467680;0 Barby Alley;1179192776;convallis
Jason;Featherstonehaugh;952661;5509 Gale Terrace;6816286048;congue elementum in
Ogdon;Antoniou;5672843;7006 Bonner Hill;6706342537;dolor sit amet
Fidela;Brydone;8583337;03 Del Sol Way;8217771264;metus arcu adipiscing
Dagny;Harmson;7207141;57833 Barnett Junction;6767720754;amet nulla
Whittaker;Wenman;3996190;901 Lakewood Pass;5121476282;dui luctus rutrum
Palm;Drust;7045624;8820 Arizona Hill;9335480466;habitasse platea dictumst
Anton;Strut;4947054;324 Morningstar Street;5075542307;interdum eu
Klaus;Brambill;1917211;2437 Mallory Center;4531630535;sapien quis
Rufus;Woodwin;7256778;5 Macpherson Place;7627467335;scelerisque mauris
Tara;Croshaw;9919672;8 Grayhawk Lane;2568398708;quam
Susi;Halloran;1897748;44136 Hoard Avenue;1811830085;massa volutpat
Hercules;Dodell;5747752;6791 Maywood Alley;9066096457;eros
Donetta;Delamar;3120185;6261 Blackbird Crossing;9772817102;erat quisque
Trula;Sarre;6852404;91 Ilene Avenue;2650310688;nulla justo
Guglielma;De La Cote;8420605;634 Golf View Junction;7760692704;posuere cubilia curae
Willie;Gagie;4399211;6997 Marquette Hill;7006448717;lorem
Kissee;Gullane;3050650;88 Eggendart Avenue;6917121527;convallis morbi odio
Novelia;Filipov;62022;252 Eggendart Court;5936156358;enim
Zita;Wolseley;7816672;579 Crescent Oaks Hill;1698325167;duis ac
Marley;Haliburton;1416552;8 Ludington Drive;1320015181;varius
Rodd;Vasquez;1291467;8 Emmet Trail;6480238698;luctus tincidunt nulla
Odell;Kassel;5718154;7 Colorado Junction;7405465760;potenti nullam
Devy;Koopman;4344662;103 Lerdahl Point;4337691640;nulla integer
Inessa;Djakovic;8659826;822 Goodland Pass;2623108255;dis parturient
Denys;Cunrado;2226344;0 Portage Street;9148274973;ipsum primis in
Winston;Tomson;8676724;4302 Walton Crossing;8459464691;ridiculus
Dena;Battye;8621037;39165 Gina Avenue;8779780370;vitae quam
Jeramie;Santon;8303770;8428 Reindahl Pass;5357703266;montes
Roz;Harrow;460623;6434 Independence Street;3532769137;praesent
Jason;Blaylock;1890961;26 Badeau Point;9125018973;nascetur
Flory;Tokell;6687434;91707 Surrey Alley;5764919213;odio cras mi
Eliot;Bloy;3056141;48 Starling Plaza;3074092545;at
Reinold;Pinhorn;9561188;3 Lighthouse Bay Parkway;2784971256;massa donec
Leigha;Gooda;8114491;67718 Veith Lane;4132342417;a suscipit
Dolly;Glowinski;9153812;95455 Mitchell Trail;8131380133;eu nibh
Marika;Schulter;6001920;34 Elka Junction;3221743705;volutpat
Tadeo;Sheber;2003398;03999 Declaration Road;3972366892;justo eu
Levy;Borg;1981343;59492 Becker Lane;3423751139;turpis elementum ligula
Margalo;Allday;6474475;90384 Dovetail Crossing;6480936639;scelerisque quam turpis
Christoph;Spall;1050165;1472 Valley Edge Road;4641921169;cubilia curae
Melony;Laughlin;8628246;2776 Glendale Way;8089316531;iaculis justo in
Jolie;Creech;321484;57949 Bowman Center;9230163063;rutrum nulla tellus
Pippa;Lumsdale;6445699;8965 Lake View Hill;9640953319;eu massa donec
Benyamin;Budden;8924349;60069 Waxwing Place;7347554890;odio cras
Norri;Epdell;3244487;06 Starling Place;5355459700;sapien sapien non
Maure;Jaquemar;866768;56 Bashford Plaza;3133543482;sed lacus
Frances;Renowden;5221885;9025 Rusk Court;6685546538;habitasse platea
Sherye;Thicking;3520764;335 Golf Course Center;2903328291;convallis morbi
Oran;Sanbroke;8648618;720 Moulton Terrace;9287648510;cursus vestibulum
Ambrose;Haylands;4489445;3 Del Mar Plaza;8875150165;laoreet
Hebert;Meiklem;5723631;705 Shelley Junction;4152123009;massa volutpat
Rhodie;Maslin;9818170;1 2nd Trail;8863404334;massa donec
Alain;Walding;9030846;6 Weeping Birch Place;5776222013;rutrum
Alexandros;Rouchy;4528669;67 Lake View Crossing;8434535185;ut
Honoria;Ivancevic;7271038;430 Sullivan Drive;3933938317;ante
Palmer;Dugood;591700;1 Saint Paul Road;1056427529;consequat
Gallard;Bales;6364247;0 Mcbride Circle;2611387680;pellentesque ultrices
Denys;Speariett;6126097;574 Dovetail Center;9892902792;nulla elit ac
Keelia;Kilmurray;9690115;379 Beilfuss Avenue;1391629150;risus dapibus
Jere;Roblou;8869101;4005 Meadow Valley Circle;5284416056;orci vehicula condimentum
Gawen;Hugnin;469821;25 Monterey Street;7264099153;eget eleifend
Hilde;Ivel;1802047;828 Scoville Hill;5852956703;a
Cynthea;Edmans;4768376;1 Corben Park;8913878256;vel
Thalia;De Stoop;5950022;3 Melvin Parkway;2390532860;nulla
Lidia;Vischi;938198;08 Moulton Avenue;4045415338;donec
Tait;Mair;4869094;445 Summerview Alley;7829371798;nullam
Dacy;Casswell;7002527;904 Superior Center;9684671855;est donec
Venus;Stileman;7908660;326 Mayfield Junction;1457491068;sapien
Ivan;Bennedsen;5861290;6 Leroy Point;7775274304;eros elementum pellentesque
Royall;Jephcott;8580171;04 Mesta Lane;7554547795;nascetur ridiculus mus
Lesley;Luigi;8724045;00529 Northview Circle;3250831891;libero nullam sit
Christi;Rudwell;6888009;8031 Aberg Hill;8362672200;metus sapien ut
Denni;Wolfindale;7360412;20 Northview Center;9824780368;condimentum
Marlow;Baston;419429;9 Buena Vista Road;1163786430;lorem quisque ut
Eloisa;Bovaird;3162888;8 Steensland Hill;9806420248;nascetur
Fanni;Hinckesman;1011370;7 Barnett Point;7873420416;odio curabitur convallis
Enrica;Squeers;5281680;81648 Oriole Terrace;5260150127;sit
Kurtis;Orchard;3134321;11514 Dorton Plaza;1783044474;nulla
Marcellus;Borrowman;4135758;66995 Becker Plaza;1013967390;auctor gravida
Rolf;Deluze;1414899;907 West Junction;9221583314;mollis molestie
Dotti;Lashley;9417622;2 Lake View Center;4563053782;convallis nunc
Buffy;Ackroyd;255939;3791 Ridge Oak Place;1609318707;in
Barnaby;Beadell;9664471;45348 Arkansas Place;3044417124;hendrerit
Friedrich;Dunbar;2250398;7 Vera Alley;5605879032;tortor quis
Jennie;Cumo;9749212;7 International Trail;6952703790;quisque
Ermentrude;Moxley;6818999;6505 Northfield Lane;8367644437;lacinia nisi venenatis
Ailee;Lampke;5999932;828 Coolidge Terrace;1016958134;at nunc
Irita;Spelling;2029369;15 Fulton Hill;2704253529;nunc purus phasellus
Patsy;Garfield;193581;7 Rowland Hill;6623612059;in faucibus
Bibbie;Cursons;5479530;797 Sherman Center;3118221409;duis consequat
Tracy;Vignaux;3191191;559 Elgar Avenue;8784596567;ridiculus mus etiam
Ronny;Poupard;3107449;3 Golf Pass;3748859497;aliquam quis
Malena;Joselevitz;9553697;5951 Stuart Street;5836108217;feugiat
Murray;Josovich;3579243;0364 Caliangt Pass;6533878757;cubilia curae duis
Tracey;Pacitti;102179;6 Gale Terrace;6912765939;diam neque vestibulum
Wilfrid;Vickers;819072;67937 Everett Park;4365890294;volutpat
Lauritz;Fishbourne;1329034;06264 Moose Terrace;7292502606;mauris vulputate elementum
Rivalee;Simoneau;2125791;4656 Orin Junction;8387630017;a
Jodi;Pawlick;7035581;67 Crest Line Center;2146642698;vestibulum proin eu
Carrie;Eglaise;1035527;6 Russell Parkway;5072246633;nulla
Hendrika;Greaves;3534090;69516 Charing Cross Point;2783257131;tortor
Karia;Bladge;2412502;49 4th Court;2829232321;parturient montes
Cherye;Paulet;4394407;12 Mendota Parkway;4042260224;pede venenatis
Ashlee;Ivashinnikov;8749568;60033 Schlimgen Avenue;3830643574;vitae
Emmy;Langthorn;489492;4 Grayhawk Court;6121741663;euismod scelerisque quam
Rodrick;Babst;6129822;24 Marcy Place;8991503658;id
Esme;Oppy;8386033;906 Corben Point;1564362689;nisi eu orci
Rheta;Flaws;9492967;5 Warrior Parkway;4569932538;justo pellentesque viverra
Callean;Sewall;3369342;84953 Anderson Terrace;1344417481;ante ipsum
Fleur;Beaney;9030876;82274 Messerschmidt Crossing;7786583566;nibh in
Lydon;Woolmer;1659248;94 Tony Park;9350084460;rutrum
Nadeen;Corss;1606846;36800 Forest Court;8508307191;consectetuer adipiscing
Cristine;McSaul;8756636;4787 Schurz Drive;5622657848;fusce consequat nulla
Carly;Gouck;1797931;05 Birchwood Place;5223569010;urna ut tellus
Bendicty;Jolland;453198;37221 Old Gate Center;6021688667;pede
Biron;Cartner;8922730;5 Pennsylvania Trail;9091945174;leo
Dona;Houliston;416563;9186 Dayton Avenue;7556598713;congue elementum in
Brandais;Lamkin;9124505;03 La Follette Pass;5494409088;molestie lorem quisque
Candis;Martine;5987649;00658 Summit Center;5636754348;eros viverra eget
Dee dee;Hrynczyk;4090494;5234 Sage Point;8456578453;cubilia curae donec
Angeli;Kunneke;8129680;8622 Ruskin Parkway;6772383157;mattis pulvinar nulla
Tallulah;Puve;9840001;817 Old Gate Parkway;8119637731;adipiscing
Findlay;Ponton;4891871;56274 Amoth Trail;1431483917;ut
Morena;Boldra;2878405;42 Northland Drive;4695806566;elit proin interdum
Lorettalorna;Baiden;9109308;9427 Aberg Drive;6074883310;egestas metus aenean
Leanna;Unthank;6694026;76 Talisman Pass;3356768115;in
Karia;Hubberstey;3052540;16462 Delladonna Avenue;8036923581;id ligula suspendisse
William;Somers;5099093;1 Crowley Terrace;5625311794;dapibus duis at
Cassie;Mould;5664925;92230 Paget Road;8148238176;pulvinar lobortis est
Roldan;Van Dijk;9982151;34 Bartelt Pass;6923888575;lacinia erat vestibulum
Olive;Marvel;8619031;7 Derek Crossing;2040894045;duis ac nibh
Brandon;Soan;3863186;3751 Hayes Point;3300400486;vivamus tortor
Brigg;Mumberson;3211876;7016 Anthes Junction;7898786953;consequat lectus in
Benedicto;Balsillie;6544618;751 Alpine Alley;8522652281;convallis morbi
Gill;Bewshea;5811863;33836 Little Fleur Parkway;3967645133;amet nunc
Libby;Golding;8905037;3214 Old Gate Circle;5491484460;pede
Robbin;Clawley;3768988;26934 Hoepker Lane;1804458195;pede libero quis
Lebbie;Pregel;4684786;08761 Sauthoff Plaza;6130118578;porttitor lorem id
Syd;Bloschke;9512765;664 Mockingbird Street;4279580050;morbi a ipsum
Berty;Izen;5426741;9518 Vermont Park;4857400720;nec
Murry;MacVaugh;7766981;05 Grasskamp Hill;8365015779;erat vestibulum
Filbert;Ingliss;554005;6 La Follette Street;3511977364;parturient montes nascetur
Amie;Allaway;4019246;602 Banding Hill;3425997133;integer pede
Ardeen;Schoolfield;323010;35 Steensland Lane;8492955020;non mi
Moira;Poskitt;8171281;803 Mifflin Plaza;2265119070;nec
Kaleb;Theakston;4743630;03822 Old Shore Parkway;8002881692;quam pharetra magna
Geoff;Grelka;1328700;23 Bonner Court;5626685178;nulla quisque arcu
Haroun;Florio;7306661;4 Crowley Plaza;4413707903;rutrum nulla tellus
Adoree;Prestner;6927664;123 Bellgrove Avenue;2521145177;lacus at
Delcine;Withrop;1988929;51 Del Sol Court;4904580252;duis mattis egestas
Cassandra;Shellsheere;7697715;7642 Talisman Pass;4982415221;pellentesque ultrices
Wendi;Joinson;3381702;39 Judy Drive;4024831112;parturient montes
Fielding;Rousby;5255488;50 Lerdahl Park;3510070327;eu sapien cursus
Far;Scarth;9989702;64 Mallard Plaza;6692366906;morbi
Blithe;Stouther;6632212;213 Dayton Court;4348711910;praesent
Denys;Kunze;9846017;8145 Barnett Hill;9251037304;scelerisque
Nigel;MacPeake;1659563;78 Pepper Wood Court;6188409789;vehicula consequat morbi
Martin;Capey;9207950;23819 Bunker Hill Street;9168141940;morbi vestibulum velit
Faythe;Dable;1443025;23280 Hansons Street;7896525571;erat vestibulum sed
Virgina;Jodrellec;5197785;3 Tomscot Street;9028922234;ante ipsum
Loydie;Aven;6619626;6639 Grim Court;1348822345;tristique
Sydney;Cirlos;3658574;868 Mallard Pass;4683176923;luctus
Sly;Kedward;5634678;749 Cherokee Pass;6344464442;etiam
Devan;Linggard;5023838;9 Moulton Circle;8360857248;auctor sed
Berkeley;Negro;5143398;57396 Banding Circle;7262837671;nisi
Filippa;Janaszewski;1213950;7131 Kenwood Hill;5528602201;sapien iaculis congue
Keri;Moden;5664737;3 Bluejay Road;1414308948;praesent lectus vestibulum
Caty;McPartling;2092229;49 Welch Hill;6685573848;morbi vel lectus
Harriet;Arnault;8683890;02449 Jenifer Place;4436922088;phasellus
Carmine;De Laspee;2718614;159 Lyons Parkway;9506151155;cursus vestibulum
Shayna;Brokenshire;7892618;5488 Farragut Trail;4671791723;hac
Lynna;Muxworthy;3116166;72 Stang Parkway;5680574679;nisi vulputate nonummy
Theodosia;Shepard;4503472;5 Mosinee Alley;9152429048;in purus eu
Renault;Shucksmith;7856649;8 Briar Crest Avenue;5341405546;a libero nam
David;Glaister;6259219;68 Mayfield Pass;5676545404;ultrices enim lorem
Emalee;Widmore;7440368;030 Steensland Hill;5612129642;aliquam quis turpis
Quill;Farndon;9591209;46 Old Shore Trail;3384923818;dictumst aliquam
Huntley;Shellard;5186908;3727 Emmet Pass;4737288979;ante ipsum primis
Delinda;Durno;2259534;9949 Badeau Drive;5921460199;vel
Dalia;Stoffler;5962712;42489 Comanche Center;8103593160;orci
Twila;Klima;7548862;1 Riverside Junction;6668226243;massa id lobortis
Leeanne;Boaler;718633;36 Packers Crossing;2847637570;nullam
Carole;Meni;8803125;59640 Derek Lane;4228976606;imperdiet
Reggie;Denyakin;2313843;77 Petterle Pass;7147070538;ac consequat
Thedric;Discombe;7099760;9 Susan Drive;5142411114;suspendisse accumsan tortor
Ronny;Liddington;1005506;105 Birchwood Alley;5565105028;ut odio
Laurianne;Cano;8510241;5297 Northwestern Place;5955610074;non interdum
Harold;Championnet;2311341;52687 Merry Plaza;8135664021;turpis nec euismod
Davita;Franzke;1770948;91273 Pearson Parkway;6782477857;nunc rhoncus
Krystyna;Couchman;5367955;834 Rowland Street;8831762882;interdum venenatis turpis
Modesta;Pepi;3711917;9525 Sugar Parkway;3760667309;vel
Margareta;Kilday;4028922;48204 Sugar Court;2961234395;pellentesque
Nichole;Lott;5531843;8 Armistice Point;5115391527;viverra
Stafani;Seedull;5403884;976 Huxley Plaza;2812571220;lobortis convallis
Adam;Domney;1086504;132 Bunker Hill Junction;8146238708;porta
Demetrius;Reagan;2217218;5313 Claremont Alley;7287125550;commodo vulputate
Betteanne;Kelberman;9805979;2136 Waywood Place;8227184431;tristique est et
Nikki;Stukings;3659771;2154 Carioca Trail;2086800968;neque sapien placerat
Vanna;McLean;7347648;811 Saint Paul Court;2936822975;montes nascetur
Scarlet;Royl;3159490;9914 South Point;1532581774;consequat varius
Hyacinth;Winckle;5872155;67760 Fair Oaks Way;9136903173;justo sit amet
Theobald;Thring;765652;69841 Crowley Avenue;4054459522;vestibulum vestibulum ante
Leontyne;Law;9972288;4 Nancy Point;8155656350;nunc purus phasellus
Paxton;Gottschalk;7520340;0 Leroy Terrace;3596200575;id luctus
Wilbert;Cawthorn;2721048;79607 Ilene Lane;1715321520;nulla nunc purus
Hube;Woodley;4946113;45 Tennessee Terrace;8654477657;nec nisi vulputate
Vera;Hurdman;4070005;522 Dayton Circle;8186204428;lobortis convallis
Roma;Mendel;6613702;1 Sheridan Road;2552270241;nisl
Barty;Petracci;2243317;5 Heffernan Lane;3896573000;amet consectetuer
Antoinette;Bounde;8128537;4 Sauthoff Avenue;6297119261;semper porta
Emmi;Kennifeck;4212939;600 Laurel Court;3574817121;duis consequat
Melinda;Avesque;1082584;1 Little Fleur Street;9592890876;in
Locke;Annon;8307315;79128 Westport Drive;5287391347;faucibus orci
Baudoin;Mangin;8036975;803 Forest Dale Alley;7405297700;ante vivamus
Ranique;Schruurs;6895479;5501 Sutherland Place;9084586440;nunc commodo
Brittne;Whenman;1909273;77 Summit Pass;9153655279;quam
Marieann;Stener;7716884;218 Killdeer Lane;9550388156;vitae nisi
Bradly;Joost;7651198;590 Summit Plaza;7423438011;mauris
Erastus;Chestle;5080120;51951 Jay Lane;2901387092;elementum pellentesque quisque
Calhoun;Clappison;4183281;0133 Ruskin Pass;4395367025;venenatis tristique
Olympe;Cockrem;636672;8696 Tennessee Way;8228666116;ipsum aliquam
Elysia;Brocklebank;6622103;65648 Crest Line Parkway;3272798480;dis parturient montes
Wildon;Leversha;183474;562 Cambridge Street;9365504213;aliquam convallis nunc
Sauncho;Fassum;2897123;428 Eastwood Pass;4150195290;nibh ligula nec
Blanche;Crawford;2181471;62787 Reindahl Park;4381440256;vivamus
Valentina;Freda;3513020;95856 Green Drive;6077474135;mauris
Bennett;Martland;992982;4 Charing Cross Plaza;5937615055;volutpat
Veradis;Falkingham;996651;0 Russell Crossing;1310996307;odio porttitor id
Clywd;Spellman;1343199;9664 Bonner Terrace;7220953829;eu
Chantal;Guillard;3421286;15336 Boyd Alley;1698163361;rhoncus
Vite;Hallewell;2473568;740 Vahlen Drive;2397175004;morbi vestibulum velit
Bobette;Playdon;364545;4 Aberg Point;7055152025;habitasse
Karlie;O'Dowling;3850273;97245 Cordelia Street;1995299892;bibendum morbi non
Rad;Tolomei;3821787;5937 Kings Plaza;7348679618;accumsan tortor quis
Axe;Lodevick;1654795;9525 Farragut Park;6902711354;nam
Claretta;Wickey;7358904;02 Sherman Park;2094809434;sollicitudin ut
Winifred;Wolfit;804605;39 Porter Junction;3503938884;dui maecenas
Dyna;Helin;6658506;138 Kedzie Lane;7787540902;dictumst
Morly;Margrie;107232;6 Surrey Hill;2488314327;nulla justo
Christine;Bance;3483697;6527 Kingsford Circle;9637250915;rutrum at
Drucie;Perrygo;3240132;41 Holy Cross Street;1256886249;rutrum ac
Faunie;Benedicte;6087734;09 Banding Place;4996759410;tortor eu pede
Tuckie;Brooking;7575191;428 Sugar Court;2739834554;cubilia curae donec
Bronny;Cutbirth;4839695;51 Schurz Place;9721527787;elit
Frances;Wiggett;32620;41441 Macpherson Avenue;7561096858;nulla tempus
Silvana;Leeke;6243727;3491 Spohn Junction;1448334417;faucibus cursus urna
Hedvige;Paute;1914057;841 Southridge Court;6037696463;lacus morbi
Reamonn;Kitney;6574859;3 Arrowood Circle;3937968550;eros elementum
Nicoli;Laister;352467;8 Clemons Way;7643103734;eros
Arda;Rochewell;394550;739 Fisk Trail;7252829928;duis
Nananne;Halkyard;6287811;13693 Kingsford Street;7816464962;duis ac
Dorris;Jaimez;5175482;7690 Hollow Ridge Parkway;5758140489;vestibulum velit
Katrinka;Cuolahan;9271656;79 Buhler Junction;5721176741;lacinia nisi venenatis
Judie;Matiewe;7866131;79 Blue Bill Park Hill;6018019969;aenean lectus pellentesque
Kyrstin;Marfell;7171771;8198 Oak Valley Court;1447477312;ipsum dolor sit
Zared;Hillock;6776257;52263 Muir Lane;7361261737;quis augue
Rose;Thacker;3846649;3 Lien Court;2079301457;tempus vivamus
Angelica;Bukowski;120818;0 Hovde Point;9909831503;lorem
Jeth;Scay;1498011;7 Lindbergh Court;8550849950;nunc donec quis
Nolie;Kordes;6687369;7 Larry Crossing;1331379312;libero
Berty;Gert;1228149;9849 Riverside Terrace;4829622681;elit proin risus
Colman;Fruish;6548834;71021 Golf View Crossing;1932082120;vel est donec
Liane;Corness;1825300;201 Debra Point;2478954237;tempor turpis
Mallory;Bedwell;6996971;53694 Rockefeller Alley;4113883023;natoque penatibus
Edee;Pavek;3585475;1 Bashford Court;3998406338;feugiat
Nanine;Wickins;4155265;0873 Harper Plaza;1259582092;montes nascetur
Tansy;Canete;1272608;45 Reindahl Lane;7567848405;duis
Beck;Bearne;4393921;24 Rowland Place;2658745961;bibendum morbi
Christina;Gamil;924251;71387 American Court;8338667653;ultrices libero non
Spense;Baff;3066563;92250 Dwight Hill;9690233420;non
Christiana;Greedyer;5313167;76330 Kingsford Way;5848582620;in
Wald;Alsopp;8364914;59 Anthes Road;1350258911;parturient montes
Pen;Batchley;6117592;863 Tennyson Crossing;3613572193;sed
Tate;Dillaway;2763747;72506 3rd Place;5415506491;faucibus accumsan odio
Giselbert;Rubee;8382088;9 Loeprich Junction;5900196723;maecenas leo
Darla;Dolby;1241746;415 Jay Point;5844959797;eleifend donec
Osgood;Halls;8085026;34452 Rowland Plaza;6086881630;felis
Lorenza;Whopples;1430748;6 Bluejay Alley;1071214205;nulla ultrices
Hoebart;Oxby;8254874;23 Graceland Alley;3550832357;velit donec diam
Jessamyn;Halstead;5089372;86 Eagan Road;6032227412;risus dapibus
Kordula;Jeromson;9194923;3 Rigney Plaza;2709271760;sed
Georg;Bowness;6333976;20612 Alpine Alley;3600037129;fusce posuere felis
Brita;Glaze;6735015;7791 Orin Place;9957712448;consequat varius
Ketty;Kittredge;3102859;18716 Hudson Park;1359283786;consectetuer adipiscing
Pepito;Marfield;3915829;10213 Maple Wood Center;4230663882;in
Timothea;Kiggel;8073809;60 Mallory Drive;5729796747;magna
Faina;O'Lennachain;879529;1695 Harper Lane;9071459853;quam a odio
Jeffry;Scarasbrick;2970082;29 Merry Terrace;8996153524;odio condimentum id
Jourdan;Parish;1017442;05359 Stang Point;2098356964;fusce
Chris;Howland;3147795;374 Jenna Circle;5648859205;suscipit nulla elit
Mitchell;Cattach;5848824;6649 Helena Point;3548253494;hac habitasse
Dehlia;Echelle;7537710;35 Knutson Avenue;1410226143;etiam pretium iaculis
Pavel;Wilsey;61530;771 Lakeland Alley;9213860844;faucibus orci
Kial;Husselbee;7554542;273 Stoughton Plaza;8198982587;amet
Cornelle;Juszczyk;7869291;82385 Stang Lane;1616683021;at
Tore;Jodlkowski;1715520;30410 Graedel Road;1728730967;in felis eu
Lesley;Woodsford;5111108;6586 Vernon Trail;1114266407;tellus in
Valentine;Boyington;2599804;2292 Logan Road;3703490619;arcu
Joni;De Ferrari;3609239;65 Lakewood Gardens Point;1070019333;sapien
Cecil;Hullyer;4534045;3 Rockefeller Park;2377510048;consectetuer adipiscing
Jessy;Berrey;3668594;7 Butterfield Street;5764733677;habitasse platea
Panchito;Fabbri;4044389;21 Atwood Park;1361475629;mi pede
Neille;Yeabsley;1289146;703 Larry Point;9607597260;aenean lectus pellentesque
Gregoire;Maciunas;2569648;4 Kensington Way;5539985906;aliquet
Roseanna;Spinks;2194099;3 Brickson Park Parkway;1891650977;primis in faucibus
Arther;Hubball;4955175;088 Arapahoe Center;4031115513;tristique est et
Laurianne;Conklin;7735416;00971 Heath Junction;7771776410;posuere
Kathi;Richford;5912697;5764 Blue Bill Park Court;4896727423;interdum
Kirby;Ibbetson;2375312;6472 Merchant Alley;2618727965;tristique tortor
Bertie;Nice;7414443;67986 Westerfield Hill;9364987741;arcu sed augue
Camella;Colvin;3947881;11415 Crowley Way;6788088640;diam
Alejandra;Saltman;1369149;376 Vahlen Point;5884208315;diam in magna
Nichole;Kuzemka;3695649;21054 Michigan Court;3077684933;quis
Othilie;Pummell;612285;00318 Everett Avenue;7606102415;donec vitae nisi
Salem;McAulay;4740219;42770 Crescent Oaks Court;6098963151;sit
Licha;Drews;826653;174 1st Alley;1227265318;nisl nunc
Annaliese;Stickel;1202296;5660 Sycamore Drive;6099634553;eget massa
Helen-elizabeth;Skoggings;8403350;10 Myrtle Court;9463971674;vivamus vel
Chester;Abbet;4179743;36 Maryland Trail;2360245996;odio donec
Damaris;Berston;225141;2337 Kenwood Alley;5071014717;integer a nibh
Jehu;Klezmski;8200991;427 Crescent Oaks Alley;1960279250;a
Kassi;Coull;5863196;66415 Grim Parkway;6756015371;duis
Starla;Standley;6028981;937 Lillian Pass;9906992189;est quam
Vin;Sapsed;555107;771 Daystar Hill;6082052025;congue diam id
Doyle;Berthome;3285612;7502 Sheridan Junction;3492942866;pulvinar
Patience;Gerrish;6399126;5 Holy Cross Junction;9024478117;augue vestibulum ante
Jo;Deyenhardt;1085011;8 Morningstar Pass;3429729966;nisi
Val;O'Sharry;9398745;6037 Steensland Avenue;5827712208;quisque id
Sephira;Wakefield;9918210;33280 Golf Drive;3102570792;justo
Petronella;Abate;5478878;752 Fuller Parkway;5332907281;ante ipsum
Maurits;Syphus;6658200;16601 Coleman Road;1247048908;vestibulum rutrum rutrum
Antons;Lightowlers;8643037;17 Prairieview Court;3359803559;et eros
Maynord;Westcar;2719413;2896 Pine View Park;7814869290;adipiscing elit
Inness;Sauniere;714634;10 Eagan Circle;2531861741;pulvinar nulla
Mortimer;Lyddon;4134955;2229 Westend Pass;5801547617;natoque
Kahlil;Folder;7783865;15 School Avenue;7358094597;sed magna at
Addi;Chaundy;4304837;804 Mandrake Park;3738187061;odio curabitur
Ondrea;Gorger;617999;29062 Heffernan Center;7365532925;quisque porta volutpat
Mirabelle;Lauritzen;3930587;2545 Scofield Point;1201822694;luctus
Carly;Lent;9192873;4 Miller Terrace;7678989995;curabitur convallis duis
Nani;Horsell;7976520;201 Center Terrace;5604437357;nulla
Larine;Longland;9267768;2319 Thompson Road;7041990177;eget tincidunt
Gretna;Ginsie;5177084;71499 Portage Hill;3865530579;sociis natoque penatibus
Brooke;Stephens;8745409;15 Paget Hill;7036700081;in eleifend
Novelia;Solloway;6816870;0991 Garrison Lane;8479752318;erat
Wilfred;Lesek;2260866;02 Erie Park;7847440970;penatibus et
Mariquilla;Tittershill;8154000;6 3rd Terrace;3289130314;lorem quisque
Sula;Rutherforth;6720601;96 Homewood Way;7364148447;vestibulum
Ardyth;Mourant;9326495;25273 Clove Road;5989098553;in congue etiam
Gerome;Shufflebotham;7708504;58696 Lotheville Trail;6419871306;diam vitae
Valencia;Lissenden;311925;099 Mallard Court;7237650733;lacinia sapien quis
Alden;Torrie;834890;19447 Mcbride Place;9573157378;praesent lectus
Hilary;Schrader;5011709;8 Surrey Crossing;3497879153;mus vivamus
Arnold;Gauchier;4927676;25 Crest Line Place;7999452185;aliquam non
Maximilian;Edmott;3549950;251 Talisman Court;9572672207;orci luctus et
Claire;Gianni;3973715;08 Forster Alley;8635735927;tempus vel
Roxine;Tomczak;9864748;367 Morning Parkway;1238673141;ac est
Cinderella;Jiroutka;255801;08056 Lunder Hill;5467553880;odio in
Zea;Cereceres;2193803;4 Oxford Way;8257621769;venenatis
Freda;Fuller;6099013;5129 Village Green Drive;1558771215;odio
Bride;Gilmartin;8510826;2 Brentwood Road;5393289812;eros viverra
Ruperto;Scritch;6494701;78964 Hauk Pass;3375159937;pellentesque
Bendix;Salsberg;4271788;9561 Sage Lane;9854081533;aliquam
Daniel;Schoolfield;2899297;2 Lillian Center;8676750037;est phasellus sit
Patrizius;Prantl;7818171;66 Reindahl Lane;3440388216;vel
Aylmar;Snowdon;8726987;934 Annamark Place;8944260652;suscipit
Hermione;Muzzollo;9066366;91 Fisk Hill;2468236088;lacinia
Wilmette;Avard;2848182;37278 Corscot Terrace;8346991558;facilisi cras
Benito;Storrar;5786320;060 Kings Place;7920649170;suspendisse accumsan tortor
Gustie;Charrette;5099578;685 Erie Road;3584773035;lectus aliquam
Berkeley;Girtin;1804732;93506 Twin Pines Place;4082439648;vestibulum
Hal;Trevallion;5820579;906 Cascade Street;3375035275;sed vel enim
Agace;Groom;3911918;4420 Blaine Point;2969849069;a
Cal;Speaks;4762909;7296 2nd Park;4543047593;amet
Ettie;Kinnach;6975697;6418 Bartelt Center;9892731097;vivamus metus
Kurt;Wakeling;2898856;6401 Crest Line Place;1206415208;sapien iaculis congue
Leigha;Alwen;3701551;69 Hallows Center;1934692780;posuere cubilia curae
Toma;Venable;8509640;68 Dawn Circle;2090257082;et ultrices posuere
Fredra;Tilt;5054489;07272 Swallow Way;8304496155;urna
Roley;Disman;7658100;1458 Meadow Ridge Junction;8898102306;eu pede
Joyous;Duiguid;9571480;825 Troy Circle;7554747699;tortor id nulla
Selie;Bentson;3923995;14 Burning Wood Junction;7034306558;erat
Krystle;Hodgins;9109609;7 Golf Terrace;1181048846;consequat varius integer
Keene;Ruckman;8206267;61202 Melody Avenue;4278123588;semper sapien a
Rubetta;Neeson;3401171;4 3rd Hill;8041144393;consequat
Lanita;Ailward;8078525;2948 Northwestern Crossing;5798285622;eget elit
Tanner;Pruce;4712044;40059 La Follette Terrace;5372335446;ullamcorper augue a
Hunter;Mathey;6940861;139 Jana Terrace;4827273044;nec nisi
Christy;Lakes;6663729;5 Prairieview Pass;4830555559;sit amet
Edee;Ingerfield;6257550;37689 Bellgrove Street;9898650314;mauris
Tucky;Firpo;8639354;2224 Lien Parkway;7622733620;magna bibendum
Randy;Tilliard;4815743;65560 Stone Corner Drive;1339940816;turpis
Emelina;Bristowe;6182248;07852 Longview Drive;3564701959;mi integer ac
Justen;McKew;6177365;0663 Sherman Crossing;1962021961;aenean fermentum donec
Ebonee;Gabbott;7972203;79665 Northwestern Hill;6395092621;feugiat et
Dixie;Owenson;197629;4 Nevada Drive;1255430606;cras
Urbain;Keggins;194309;74 Haas Point;7584897773;maecenas tincidunt lacus
Ange;Renahan;4299217;964 Dennis Center;3182538339;vulputate justo in
Jacynth;Lusted;8267100;25 Badeau Center;4998978361;ipsum primis in
Svend;Benion;2242180;1 Lake View Crossing;2986924054;ipsum primis
Cristian;Ryburn;3634741;15204 Briar Crest Place;5197934807;molestie hendrerit
Bobette;Reiner;8103057;544 Monica Place;9024711438;ut massa
Tessa;Jimpson;8247677;98141 Scofield Parkway;7968756895;eu massa
Conchita;Abelovitz;395939;593 Mandrake Trail;2997411534;lectus pellentesque eget
Arturo;Trighton;6523949;9 Eastlawn Place;9426154479;pede libero
Bogey;Carlisi;8190482;061 Thierer Place;1675187830;erat
Dal;Matuszynski;2058316;4 Brickson Park Way;7974930142;rutrum nulla
Cos;Stuckley;9086172;50 Rusk Circle;6624442388;maecenas
Mikkel;Scrivinor;9066916;48 Knutson Trail;9106110022;blandit non
Ulrikaumeko;Rumens;8855847;8 Lerdahl Plaza;5211551910;dapibus dolor vel
Drucill;Gingle;6396895;81544 Arkansas Alley;1823316665;eros elementum
Jami;Di Biagio;6001065;2595 Russell Court;9982647951;sem fusce consequat
Kathie;Cremer;6495066;68 Melby Point;1054978103;velit
Humbert;Shackleford;7345805;5 Chinook Crossing;4477962359;nulla sed vel
Shara;Messham;8363565;109 Randy Court;8261769353;ut massa
Phylis;McGrath;2262677;46167 Pearson Point;4912596519;maecenas leo
Patsy;Sprasen;3728616;4 Golf Course Street;3527021385;hac habitasse platea
Mariya;Pettigrew;7572193;59 Darwin Crossing;6278421056;in
Jessalyn;Hoffman;3915179;4402 Becker Court;1637186970;id lobortis
Aeriell;Hickisson;3601650;4980 Bunting Court;3248405416;nulla suspendisse potenti
Ange;Guidelli;2936458;871 Sheridan Parkway;9386532970;eget tincidunt
Wendie;Ayton;851845;69 Shopko Terrace;3465600187;tellus in sagittis
Liuka;Parades;1263066;14311 Hovde Pass;3322182008;sit
Beverly;Loudiane;3165493;1 Everett Way;1488931953;posuere
Patton;Kemmer;4232814;373 Fordem Avenue;6086173318;tincidunt
Steven;Noddings;4508342;1 Parkside Point;4257387752;id consequat
Carolan;Basil;1200697;0 Clarendon Parkway;4886246004;est donec odio
Roselia;Rainbird;3951163;0 Manufacturers Circle;7479017916;vestibulum
Kasper;Hamner;884797;11632 Ruskin Parkway;8711890080;est et
Cullan;Oguz;7680170;9 Chinook Circle;1461482903;erat id
Ezri;Sallter;4122393;65836 Old Gate Terrace;8309968569;egestas
Pattin;Novotna;346658;06 Westport Court;2717432212;vestibulum ante
Brandtr;Gillhespy;9255776;0 Roxbury Place;2515746013;lobortis vel
Myrle;Niece;1541141;9 Hudson Circle;3483329318;gravida sem
Melisa;Shrubb;6225777;788 Cambridge Alley;8192462715;metus aenean fermentum
Jeremie;Inston;2437272;51812 Basil Parkway;3717157878;ut
Myles;Thornton-Dewhirst;5019636;2552 Magdeline Drive;6872051966;sit amet
Talbert;Zanni;3911481;59 Rieder Parkway;7810561204;leo pellentesque ultrices
Dot;Vieyra;6515196;0 Westend Lane;4294538984;nunc commodo
Isidore;Ericsson;576174;5 Weeping Birch Drive;7831745274;iaculis justo in
Priscilla;Stanett;8587272;650 Columbus Way;6361133349;mauris non ligula
Eydie;Local;2847934;33 Schurz Court;7331858926;eget
Hubey;Frazier;6882609;9 Petterle Parkway;5563106810;aliquet maecenas
Papageno;Sandys;374954;5937 Grayhawk Plaza;4694029354;luctus
Eada;MacGlory;6340702;821 Springs Drive;5557185622;nunc donec
Tomkin;Sergison;740551;98680 Michigan Lane;3556638373;enim in
Berkly;Perico;1129989;27 Springview Drive;7052224597;non mi integer
Fransisco;Truse;816511;78064 Vernon Court;4273085130;ac
Jolyn;Ledstone;4617130;561 Southridge Circle;3155982093;mauris viverra diam
Colly;Mackrell;1745724;3 Red Cloud Way;4446828641;posuere nonummy integer
Wandis;Carlo;1325143;962 Maple Wood Park;6597582567;pede posuere nonummy
Viole;Cossington;8163013;634 Jana Lane;6297129219;amet nulla
Louisa;Atmore;3254283;7079 Scoville Circle;1287463254;cubilia
Channa;Izen;3036983;859 Crownhardt Terrace;2840040130;quam fringilla
Jo;Kattenhorn;4330160;051 4th Place;8146475212;mauris enim
Christophorus;Mosedall;5590302;7966 Lien Center;4498361444;maecenas
Analiese;Tortoise;9896960;591 Sunfield Circle;3473483061;pede lobortis
Dory;Chipps;6332986;36852 Sugar Junction;1228808973;mi integer ac
Jasper;Magnay;4469075;0119 Clemons Place;3882211685;in congue etiam
Ambrosio;Foreman;9122338;8 Sommers Parkway;2755048164;lectus in quam
Jo-ann;Cranson;7765777;915 Meadow Vale Place;9154149041;lacinia sapien quis
Nerti;Trim;7622985;53 Mendota Road;3015377238;leo odio porttitor
Pamella;Davison;2787431;201 Pierstorff Point;2311189479;hac habitasse
Stormi;Woolgar;1891754;086 Bashford Alley;5242407532;posuere cubilia curae
Sylvan;Tumpane;4696340;44497 Northport Park;7122745056;in est risus
Sibelle;Colloby;3160715;8667 Novick Alley;4945185675;tristique
